{"AW": 0, "AF": 1, "AO": 2, "AI": 3, "AX": 4, "AL": 5, "AD": 6, "AE": 7, "AR": 8, "AM": 9, "AS": 10, "AQ": 11, "TF": 12, "AG": 13, "AU": 14, "AT": 15, "AZ": 16, "BI": 17, "BE": 18, "BJ": 19, "BF": 20, "BD": 21, "BG": 22, "BH": 23, "BS": 24, "BA": 25, "BL": 26, "BY": 27, "BZ": 28, "BM": 29, "BO": 30, "BR": 31, "BB": 32, "BN": 33, "BT": 34, "BV": 35, "BW": 36, "CF": 37, "CA": 38, "CC": 39, "CH": 40, "CL": 41, "CN": 42, "CI": 43, "CM": 44, "CD": 45, "CG": 46, "CK": 47, "CO": 48, "KM": 49, "CV": 50, "CR": 51, "CU": 52, "CW": 53, "CX": 54, "KY": 55, "CY": 56, "CZ": 57, "DE": 58, "DJ": 59, "DM": 60, "DK": 61, "DO": 62, "DZ": 63, "EC": 64, "EG": 65, "ER": 66, "EH": 67, "ES": 68, "EE": 69, "ET": 70, "FI": 71, "FJ": 72, "FK": 73, "FR": 74, "FO": 75, "FM": 76, "GA": 77, "GB": 78, "GE": 79, "GG": 80, "GH": 81, "GI": 82, "GN": 83, "GP": 84, "GM": 85, "GW": 86, "GQ": 87, "GR": 88, "GD": 89, "GL": 90, "GT": 91, "GF": 92, "GU": 93, "GY": 94, "HK": 95, "HN": 96, "HR": 97, "HT": 98, "HU": 99, "ID": 100, "IM": 101, "IN": 102, "IO": 103, "IE": 104, "IR": 105, "IQ": 106, "IS": 107, "IL": 108, "IT": 109, "JM": 110, "JE": 111, "JO": 112, "JP": 113, "KZ": 114, "KE": 115, "KG": 116, "KH": 117, "KI": 118, "KN": 119, "KR": 120, "XK": 121, "KW": 122, "LA": 123, "LB": 124, "LR": 125, "LY": 126, "LC": 127, "LI": 128, "LK": 129, "LS": 130, "LT": 131, "LU": 132, "LV": 133, "MO": 134, "MF": 135, "MA": 136, "MC": 137, "MD": 138, "MG": 139, "MV": 140, "MX": 141, "MH": 142, "MK": 143, "ML": 144, "MT": 145, "MM": 146, "ME": 147, "MN": 148, "MP": 149, "MZ": 150, "MR": 151, "MS": 152, "MQ": 153, "MU": 154, "MW": 155, "MY": 156, "YT": 157, "NA": 158, "NC": 159, "NE": 160, "NF": 161, "NG": 162, "NI": 163, "NU": 164, "NL": 165, "NO": 166, "NP": 167, "NR": 168, "NZ": 169, "OM": 170, "PK": 171, "PA": 172, "PN": 173, "PE": 174, "PH": 175, "PW": 176, "PG": 177, "PL": 178, "PR": 179, "KP": 180, "PT": 181, "PY": 182, "PS": 183, "PF": 184, "QA": 185, "RE": 186, "RO": 187, "RU": 188, "RW": 189, "SA": 190, "SD": 191, "SN": 192, "SG": 193, "GS": 194, "SJ": 195, "SB": 196, "SL": 197, "SV": 198, "SM": 199, "SO": 200, "PM": 201, "RS": 202, "SS": 203, "ST": 204, "SR": 205, "SK": 206, "SI": 207, "SE": 208, "SZ": 209, "SX": 210, "SC": 211, "SY": 212, "TC": 213, "TD": 214, "TG": 215, "TH": 216, "TJ": 217, "TK": 218, "TM": 219, "TL": 220, "TO": 221, "TT": 222, "TN": 223, "TR": 224, "TV": 225, "TW": 226, "TZ": 227, "UG": 228, "UA": 229, "UM": 230, "UY": 231, "US": 232, "UZ": 233, "VA": 234, "VC": 235, "VE": 236, "VG": 237, "VI": 238, "VN": 239, "VU": 240, "WF": 241, "WS": 242, "YE": 243, "ZA": 244, "ZM": 245, "ZW": 246}